{
  "name": "rest-shop",
  "version": "1.0.0",
  "description": "A Node.js RESTful API Tutorial Project (Build a simple shop API)",
  "main": "index.js",
  "scripts": {
    "test": "echo \"Error: no test specified\" && exit 1",
    "start": "nodemon server.js"
  },
  "keywords": [
    "node",
    "restful",
    "api"
  ],
  "license": "ISC",
  "dependencies": {
    "bcrypt": "^1.0.3",
    "body-parser": "^1.18.2",
    "express": "^4.16.2",
    "jsonwebtoken": "^8.1.0",
    "morgan": "^1.9.0",
    "multer": "^1.3.0",
    "uuid": "^3.3.2"
  },
  "devDependencies": {
    "nodemon": "^1.12.1"
  }
}
